{
  "gyro_noise_density": 1.6968e-3,
  "gyro_random_walk":  1.9393e-4,
  "acc_noise_density": 2.0e-2,
  "acc_random_walk":  3.0e-3,
  "gyro_range": 6.28,
  "acc_range": 80,
  "gyro_bias": [-0.001023632, 0.00507648, -0.012937],
  "acc_bias": [0, 0, 0],

  "prior_inverse_depth": 1,
  "prior_inverse_depth_sigma": 1,
  "min_inverse_depth": 0.05,
  "max_inverse_depth": 10.0,

  "feature_tracker": {
    "max_corners": 200,
    "radius": 15,
    "detector": "fast",
    "fast_threshold": 10,
    "border": 21,
    "pyramid_levels": 3,
    "use_imu": false
  },

  "initialize": {
    "max_corners": 200,
    "radius": 15,
    "start_aligment_frame_num": 15,
    "border": 21
  },

  "sliding_window_size": 20,
  "num_instate_features": 50,
  "use_unit_sphere_error": true,
  "use_one_point_ransac": false,
  "use_oos_features": false,

  "cameras": [
    {
      "id": 0,
      "width": 960,
      "height": 720,
      "fx": 307.948,
      "fy": 307.948,
      "cx": 478.896,
      "cy": 366.777,
      "fov_angle": 200,

      "dist_coeffs": [1, -0.0282255, 0.0129398, -0.0184318],
      "model_type": "equidistant",

      "T_I_C": [
        0.0, -1.0, 0.0, 0.0,
        -1.0, 0.0, 0.0, 0.0,
        0.0, 0.0, -1.0, 0.0,
        0.0, 0.0, 0.0, 1.0
      ]
    },

    {
      "id": 1,
      "width": 960,
      "height": 720,
      "fx": 307.1,
      "fy": 307.1,
      "cx": 482.096,
      "cy": 360.418,
      "fov_angle": 200,

      "dist_coeffs": [1, -0.0282255, 0.0129398, -0.0184318],
      "model_type": "equidistant",

      "T_I_C": [
        -0.01777,  -0.49868,  -0.86660,  -0.05957,
        -0.99983,   0.01301,   0.01301,   0.00048,
        0.00479,   0.86669,  -0.49883,   0.03399,
        0.00000,  -0.00000,   0.00000,   1.00000
      ]
    }
  ]
}
