{
  "video0": "cam0.mp4",
  "video1": "cam1.mp4",
  "times": "timestamps.txt",
  "imu": "imu.txt",
  "time_scale": 1.0,
  "acc_scale": 9.81,

  "gyro_noise_density": 1.6968e-3,
  "gyro_random_walk":  1.9393e-4,
  "acc_noise_density": 2.0e-3,
  "acc_random_walk":  3.0e-3,
  "gyro_range": 6.28,
  "acc_range": 80,
  "gyro_bias": [0.03600764, -0.00594591 , 0.09163081],
  "acc_bias": [0, 0, 0],

  "prior_inverse_depth": 1,
  "prior_inverse_depth_sigma": 1,
  "min_inverse_depth": 0.05,
  "max_inverse_depth": 10.0,

  "feature_tracker": {
    "max_corners": 300,
    "radius": 15,
    "detector": "fast",
    "fast_threshold": 10,
    "border": 21,
    "pyramid_levels": 3,
    "use_imu": false
  },

  "initialize": {
    "max_corners": 200,
    "radius": 15,
    "start_aligment_frame_num": 30,
    "border": 21
  },

  "sliding_window_size": 20,
  "num_instate_features": 80,
  "use_unit_sphere_error": true,
  "use_one_point_ransac": true,
  "use_oos_features": true,

  "cameras": [
    {
      "id": 0,
      "width": 720,
      "height": 720,
      "fx": 229.2985,
      "fy": 229.2985,
      "cx": 360.625,
      "cy": 357.21,
      "fov_angle": 240,
      "radius": 360,

      "dist_coeffs": [1, -0.0783423, 0.100125, -0.0492201],
      "model_type": "equidistant",

      "T_I_C": [
        0.999992, -0.00237748, -0.00330831, 0,
        -0.00239421,   -0.999984, -0.00506132, 0,
        -0.00329622,   0.0050692,   -0.999982, 0,
        0, 0, 0, 1
      ],

      "focal_baseline": 50.37
    },
    {
      "id": 1,
      "width": 720,
      "height": 720,
      "fx": 228.4332,
      "fy": 228.4332,
      "cx": 362.9825,
      "cy": 355.2525,
      "fov_angle": 240,
      "radius": 360,

      "dist_coeffs": [1, -0.0783423, 0.100125, -0.0492201],
      "model_type": "equidistant",

      "T_I_C": [
        0.999421,   0.0290169,   0.0177994, -0.00132739,
        0.0291625,    -0.999543,  -0.00797801,  0.0991786,
        0.0175598,  0.00849245,    -0.99981, -0.00131932,
        0,           0,           0,           1
      ],

      "focal_baseline": 50.37
    }
  ]
}