{
  "gyro_noise_density": 1.6968e-4,
  "gyro_random_walk":  1.9393e-5,
  "acc_noise_density": 2.0e-3,
  "acc_random_walk":  3.0e-3,
  "gyro_range": 6.28,
  "acc_range": 80,
  "gyro_bias": [-0.0050866377774, -0.002608300020516, -0.004971589216152],
  "acc_bias": [0, 0, 0],

  "prior_inverse_depth": 1,
  "prior_inverse_depth_sigma": 1,
  "min_inverse_depth": 0.05,
  "max_inverse_depth": 10.0,

  "feature_tracker": {
    "max_corners": 200,
    "radius": 15,
    "detector": "fast",
    "fast_threshold": 10,
    "border": 21,
    "pyramid_levels": 3,
    "use_imu": false
  },

  "initialize": {
    "max_corners": 200,
    "radius": 15,
    "start_aligment_frame_num": 30,
    "border": 21
  },

  "sliding_window_size": 20,
  "num_instate_features": 50,
  "use_unit_sphere_error": true,
  "use_one_point_ransac": true,
  "use_oos_features": true,

  "cameras": [
    {
      "id": 0,
      "width": 640,
      "height": 480,
      "fx": 278.66723066149086,
      "fy": 278.48991409740296,
      "cx": 319.75221200593535,
      "cy": 241.96858910358173,
      "fov_angle": 100,

      "dist_coeffs": [-0.013721808247486035, 0.020727425669427896, -0.012786476702685545, 0.0025242267320687625],
      "model_type": "opencv_fisheye",

      "T_I_C": [
        -0.02822879, 0.01440125,  0.99949774,  0.00110212,
        -0.99960149, -0.00041887, -0.02822568,  0.02170142,
        0.00001218, -0.99989621,  0.01440734, -0.00005928,
        0,       0,    0,    1],

      "focal_baseline": 22.188
    },

    {
      "id": 1,
      "width": 640,
      "height": 480,
      "fx": 277.61640629770613,
      "fy": 277.63749695723294,
      "cx": 314.8944703346039,
      "cy": 236.04310050462587,
      "fov_angle": 100,

      "dist_coeffs": [-0.008456929295619607, 0.011407590938612062, -0.006951788325762078, 0.0015368127092821786],
      "model_type": "opencv_fisheye",

      "T_I_C": [
        -0.01182306,  0.01155299,  0.99986336, -0.00029028,
        -0.99987014,  0.01081377, -0.01194809, -0.05790695,
        -0.01095033, -0.99987479,  0.01142364, -0.0001919,
         0,        0,        0,        1],

      "focal_baseline": 22.188
    }
  ]
}
